run,epoch,updates,trainCrossEntropy,devScore,rawExactBoards,reliableExactBoards,confidentWrongBoards,occupiedCorrect,occupied
pilot,1,21,0.10433267411731538,0.21549946202251774,15,14,1,554,577
pilot,2,42,0.0959375812893822,0.21415402284429336,15,14,1,553,577
real-only,1,21,0.09946386019388835,0.21417460429410523,15,14,1,554,577
real-only,2,42,0.06178337051754906,0.21079677953205717,15,14,1,553,577
real-only,3,63,0.04476625862575713,0.21145896944038284,15,14,1,554,577
real-only,4,84,0.03200596570968628,0.2134967388253874,15,14,1,553,577
real-only,5,105,0.02504600513549078,0.21595392123205015,15,14,1,553,577
real-only,6,126,0.019933877956299556,0.21884945511164217,15,14,1,554,577
real-only,7,147,0.01590384046236674,0.22158210020503388,15,14,1,554,577
real-only,8,168,0.013881992726098923,0.22453210574279253,15,15,1,554,577
real-only,9,189,0.011761348162378584,0.22760139616394343,15,15,1,554,577
real-only,10,210,0.010762926368486313,0.2306586059164077,15,15,1,554,577
real-only,11,231,0.00885021970385597,0.23378185585114317,15,15,1,554,577
real-only,12,252,0.007761073963982719,0.23630154283735186,16,15,1,553,577
real-only,13,273,0.007165747029440743,0.2385602027083783,16,15,1,552,577
real-only,14,294,0.006135929908071246,0.2409718924699029,16,15,1,551,577
real-only,15,315,0.005630560928866977,0.2432533076677758,16,15,1,550,577
real-only,16,336,0.005539784828821818,0.24512865220178634,16,15,1,550,577
real-only,17,357,0.00483291418779464,0.24712872290211424,16,15,1,550,577
real-only,18,378,0.004905161048684802,0.24874673284424575,16,15,1,548,577
real-only,19,399,0.004433552778902508,0.2505354625794168,16,15,1,548,577
real-only,20,420,0.003944884098711468,0.25188569774931796,16,15,1,548,577
real-only,21,441,0.0035953159843172345,0.25344764229857203,16,15,1,548,577
real-only,22,462,0.0036143394453184946,0.25479025119756654,16,15,1,548,577
real-only,23,483,0.0033795776821318128,0.2558334237350769,16,15,1,548,577
real-only,24,504,0.003140224942139217,0.25698356233736447,16,15,1,548,577
real-only,25,525,0.003335345004286085,0.25790169003616586,16,15,1,548,577
real-only,26,546,0.0029926924478440057,0.25866641992783673,16,15,1,548,577
real-only,27,567,0.0028522926427069165,0.259566405455049,16,15,1,548,577
real-only,28,588,0.0028217372794946036,0.26024250235786894,16,15,1,548,577
real-only,29,609,0.0027337088471367245,0.26097257370677723,16,15,1,548,577
real-only,30,630,0.0027098865026519412,0.2615983762124625,16,15,1,548,577
real-only,31,651,0.002597141478742872,0.26216559589150934,16,15,1,548,577
real-only,32,672,0.0027231318610055105,0.2625943169410815,16,15,1,548,577
real-only,33,693,0.002467560094027292,0.2630509315567906,16,15,1,548,577
real-only,34,714,0.002577135782866251,0.2634203110193574,16,15,1,548,577
real-only,35,735,0.002521336610828127,0.263696701344228,16,15,1,548,577
real-only,36,756,0.0023150694157396045,0.26403352984813794,16,15,1,548,577
real-only,37,777,0.002399411407254991,0.26433585289879163,16,15,1,548,577
real-only,38,798,0.0024183321566808792,0.2646138778638068,16,15,1,548,577
real-only,39,819,0.0023174528919515155,0.2648379158098788,16,15,1,548,577
real-only,40,840,0.002368715015195665,0.26507757860403774,16,15,1,548,577
degraded,1,21,0.12010015760149274,0.2148179221772947,15,14,1,553,577
degraded,2,42,0.07187944366818383,0.21286776637694296,15,14,1,552,577
degraded,3,63,0.0702477807090396,0.21409160041142827,15,14,1,553,577
degraded,4,84,0.054255127906799316,0.21803727791680452,15,14,1,553,577
degraded,5,105,0.04012772866657802,0.22089970514823037,15,14,1,553,577
degraded,6,126,0.03860055264972505,0.2228494975492,15,14,1,552,577
degraded,7,147,0.025468846162160236,0.22518535554319477,15,14,1,552,577
degraded,8,168,0.026817435310000463,0.2282564377036089,15,14,1,552,577
degraded,9,189,0.0209939820425851,0.23087754879424421,15,14,1,552,577
degraded,10,210,0.026539987041836695,0.23384539341965976,15,14,1,551,577
degraded,11,231,0.016829743271782285,0.23722240141852616,15,14,1,551,577
degraded,12,252,0.017935324282873245,0.24003852055802083,15,14,1,551,577
degraded,13,273,0.017580902292614893,0.24200127851620962,15,14,1,551,577
degraded,14,294,0.011204118529955545,0.24372251408707457,15,15,1,551,577
degraded,15,315,0.01500358468010312,0.24605435582634527,15,15,1,551,577
degraded,16,336,0.010424816182681493,0.24765506168254292,15,15,1,551,577
degraded,17,357,0.00952529197647458,0.2488345812397221,15,15,1,551,577
degraded,18,378,0.013185200237092517,0.2501627166941314,15,15,1,551,577
degraded,19,399,0.01042417756148747,0.2518541541145308,15,15,1,551,577
degraded,20,420,0.009237427087057205,0.25309339554951293,15,15,1,551,577
degraded,21,441,0.009882755932353791,0.2545532340272285,15,15,1,551,577
degraded,22,462,0.007590293174698239,0.2559793939620319,15,15,1,551,577
degraded,23,483,0.009076128403345743,0.2573963772223439,15,15,1,551,577
degraded,24,504,0.008691440735544478,0.25856345635055245,15,15,1,551,577
degraded,25,525,0.00643467264516013,0.2593621471365063,15,15,1,551,577
degraded,26,546,0.0062449538991564794,0.26006905654671403,15,15,1,550,577
degraded,27,567,0.008546702918552217,0.26107437256107985,15,15,1,549,577
degraded,28,588,0.006908927645002093,0.26182030948928936,15,15,1,549,577
degraded,29,609,0.006503385447320484,0.262679880252108,15,15,1,549,577
degraded,30,630,0.006680285646801903,0.2633069404406482,15,15,1,549,577
degraded,31,651,0.008504503539630346,0.2639717781298364,15,15,1,549,577
degraded,32,672,0.006764555261248634,0.26444202445586246,15,15,1,549,577
degraded,33,693,0.007633839334760394,0.2648958734932351,15,15,1,549,577
degraded,34,714,0.006612156118665423,0.2653836355440525,15,15,1,549,577
degraded,35,735,0.006478585657619294,0.2657372772675724,15,15,1,549,577
degraded,36,756,0.006758863017672584,0.2660784075431785,15,15,1,549,577
degraded,37,777,0.006246231851123628,0.2664432831779078,15,15,1,549,577
degraded,38,798,0.006448165291831607,0.2668062039934179,15,15,1,549,577
degraded,39,819,0.005637940196763901,0.26708710897526966,15,15,1,549,577
degraded,40,840,0.005996092444374448,0.26729295515598583,15,15,1,549,577
